{"coverage": 93.16239316239316, "raw_data": {"meta": {"format": 2, "version": "7.5.3", "timestamp": "2024-06-16T07:53:31.451042", "branch_coverage": false, "show_contexts": false}, "files": {"src/async_s3/__about__.py": {"executed_lines": [1], "summary": {"covered_lines": 1, "num_statements": 1, "percent_covered": 100.0, "percent_covered_display": "100", "missing_lines": 0, "excluded_lines": 0}, "missing_lines": [], "excluded_lines": []}, "src/async_s3/group_by_prefix.py": {"executed_lines": [1, 4, 9, 11, 12, 13, 15, 16, 17, 18, 19, 20, 21, 23, 25, 26, 27, 28, 29, 30, 32, 33, 34, 35, 36, 37, 39, 40, 41, 42, 44, 46, 47, 49, 51, 53, 56, 58, 61, 63, 66, 67, 68, 70, 72, 73, 74, 75, 76, 78, 80], "summary": {"covered_lines": 51, "num_statements": 52, "percent_covered": 98.07692307692308, "percent_covered_display": "98", "missing_lines": 1, "excluded_lines": 0}, "missing_lines": [64], "excluded_lines": []}, "src/async_s3/main.py": {"executed_lines": [1, 3, 4, 5, 6, 7, 8, 9, 10, 13, 15, 16, 19, 21, 22, 25, 27, 28, 34, 37, 38, 39, 43, 45, 46, 53, 60, 67, 74, 82, 85, 87, 89, 92, 93, 94, 108, 109, 111, 119, 120, 123, 124, 125, 139, 140, 142, 150, 153, 155, 156, 157, 158, 159, 162, 171, 183, 192, 193, 195, 196, 197, 198, 200, 201, 204, 205, 207, 208, 210, 213, 222, 226, 240, 242, 245, 257, 258, 259, 260, 262, 263, 269, 270, 271, 274, 275, 276, 277, 278, 279, 280, 281, 282, 283, 287, 288, 289, 292, 294, 301, 303, 310], "summary": {"covered_lines": 101, "num_statements": 104, "percent_covered": 97.11538461538461, "percent_covered_display": "97", "missing_lines": 3, "excluded_lines": 2}, "missing_lines": [88, 284, 285], "excluded_lines": [310, 311]}, "src/async_s3/s3_bucket_objects.py": {"executed_lines": [1, 2, 3, 5, 6, 7, 9, 12, 15, 16, 21, 30, 31, 37, 38, 40, 53, 54, 56, 57, 58, 60, 61, 62, 67, 68, 69, 71, 72, 74, 75, 76, 77, 79, 80, 81, 82, 98, 99, 101, 121, 124, 127, 129, 130, 131, 132, 148, 149, 151, 152, 153, 154, 155, 159, 167, 168, 169, 170, 172, 174, 190, 191, 194, 195], "summary": {"covered_lines": 65, "num_statements": 77, "percent_covered": 84.41558441558442, "percent_covered_display": "84", "missing_lines": 12, "excluded_lines": 0}, "missing_lines": [18, 23, 24, 27, 95, 96, 97, 145, 146, 147, 156, 157], "excluded_lines": []}}, "totals": {"covered_lines": 218, "num_statements": 234, "percent_covered": 93.16239316239316, "percent_covered_display": "93", "missing_lines": 16, "excluded_lines": 2}}, "coverage_path": "."}