{"coverage": 94.21052631578948, "raw_data": {"meta": {"format": 2, "version": "7.5.3", "timestamp": "2024-06-14T11:28:02.731382", "branch_coverage": false, "show_contexts": false}, "files": {"src/async_s3/__about__.py": {"executed_lines": [1], "summary": {"covered_lines": 1, "num_statements": 1, "percent_covered": 100.0, "percent_covered_display": "100", "missing_lines": 0, "excluded_lines": 0}, "missing_lines": [], "excluded_lines": []}, "src/async_s3/group_by_prefix.py": {"executed_lines": [1, 4, 9, 11, 12, 13, 15, 16, 17, 18, 19, 20, 21, 23, 25, 26, 27, 28, 29, 30, 32, 33, 34, 35, 36, 37, 39, 40, 41, 42, 44, 46, 47, 49, 51, 53, 56, 58, 61, 63, 66, 67, 68, 70, 72, 73, 74, 75, 76, 78, 80], "summary": {"covered_lines": 51, "num_statements": 52, "percent_covered": 98.07692307692308, "percent_covered_display": "98", "missing_lines": 1, "excluded_lines": 0}, "missing_lines": [64], "excluded_lines": []}, "src/async_s3/list_objects_async.py": {"executed_lines": [1, 2, 3, 5, 6, 7, 9, 12, 15, 16, 21, 30, 31, 32, 33, 35, 47, 48, 50, 51, 52, 54, 55, 56, 61, 62, 63, 65, 66, 68, 69, 70, 71, 73, 74, 75, 76, 88, 89, 94, 108, 111, 114, 116, 117, 122, 123, 125, 126, 127, 128, 129, 131, 134, 136, 137, 139, 149, 150, 151, 152], "summary": {"covered_lines": 61, "num_statements": 69, "percent_covered": 88.40579710144928, "percent_covered_display": "88", "missing_lines": 8, "excluded_lines": 0}, "missing_lines": [18, 23, 24, 27, 90, 91, 92, 132], "excluded_lines": []}, "src/async_s3/main.py": {"executed_lines": [1, 3, 4, 5, 6, 7, 8, 9, 12, 14, 17, 19, 20, 23, 25, 26, 32, 35, 36, 37, 41, 43, 44, 51, 58, 65, 68, 69, 70, 77, 78, 80, 81, 82, 85, 86, 87, 94, 95, 97, 98, 101, 103, 104, 105, 106, 107, 110, 117, 122, 126, 127, 131, 139, 140, 142, 143, 144, 145, 146, 149, 150, 151, 158, 159, 160, 165, 168], "summary": {"covered_lines": 66, "num_statements": 68, "percent_covered": 97.05882352941177, "percent_covered_display": "97", "missing_lines": 2, "excluded_lines": 2}, "missing_lines": [147, 148], "excluded_lines": [168, 169]}}, "totals": {"covered_lines": 179, "num_statements": 190, "percent_covered": 94.21052631578948, "percent_covered_display": "94", "missing_lines": 11, "excluded_lines": 2}}, "coverage_path": "."}