{"coverage": 87.27272727272727, "raw_data": {"meta": {"format": 2, "version": "7.5.3", "timestamp": "2024-06-09T11:55:40.223315", "branch_coverage": false, "show_contexts": false}, "files": {"src/async_s3/__about__.py": {"executed_lines": [1], "summary": {"covered_lines": 1, "num_statements": 1, "percent_covered": 100.0, "percent_covered_display": "100", "missing_lines": 0, "excluded_lines": 0}, "missing_lines": [], "excluded_lines": []}, "src/async_s3/group_by_prefix.py": {"executed_lines": [1, 4, 9, 11, 12, 13, 15, 16, 17, 18, 19, 20, 21, 23, 25, 26, 27, 28, 29, 30, 32, 33, 34, 35, 36, 37, 39, 40, 41, 42, 44, 46, 47, 49, 51, 53, 56, 58, 61, 63, 66, 67, 68, 70, 72, 73, 74, 75, 76, 78, 80], "summary": {"covered_lines": 51, "num_statements": 52, "percent_covered": 98.07692307692308, "percent_covered_display": "98", "missing_lines": 1, "excluded_lines": 0}, "missing_lines": [64], "excluded_lines": []}, "src/async_s3/list_objects_async.py": {"executed_lines": [1, 2, 3, 5, 6, 7, 9, 12, 13, 18, 27, 28, 29, 31, 39, 40, 41, 43, 44, 45, 47, 48, 49, 50, 51, 53, 55, 56, 58, 59, 61, 64, 66, 78, 79, 81, 82, 84, 85, 86, 88, 89, 90, 92, 93, 101], "summary": {"covered_lines": 46, "num_statements": 50, "percent_covered": 92.0, "percent_covered_display": "92", "missing_lines": 4, "excluded_lines": 0}, "missing_lines": [15, 20, 21, 24], "excluded_lines": []}, "src/async_s3/main.py": {"executed_lines": [1, 3, 4, 5, 6, 8, 11, 13, 15, 18, 19, 20, 24, 26, 27, 34, 41, 48, 51, 52, 53, 60, 61, 62, 64, 65, 66, 69, 70, 71, 78, 79, 80, 82, 83, 86, 88, 89, 90, 91, 92, 95, 97, 98, 101, 108, 113, 136], "summary": {"covered_lines": 46, "num_statements": 62, "percent_covered": 74.19354838709677, "percent_covered_display": "74", "missing_lines": 16, "excluded_lines": 2}, "missing_lines": [117, 118, 119, 120, 121, 123, 124, 125, 126, 127, 128, 129, 130, 131, 132, 133], "excluded_lines": [136, 137]}}, "totals": {"covered_lines": 144, "num_statements": 165, "percent_covered": 87.27272727272727, "percent_covered_display": "87", "missing_lines": 21, "excluded_lines": 2}}, "coverage_path": "."}