{"coverage": 81.33333333333333, "raw_data": {"meta": {"format": 2, "version": "7.5.3", "timestamp": "2024-06-08T06:15:31.443292", "branch_coverage": false, "show_contexts": false}, "files": {"src/async_s3/__about__.py": {"executed_lines": [1], "summary": {"covered_lines": 1, "num_statements": 1, "percent_covered": 100.0, "percent_covered_display": "100", "missing_lines": 0, "excluded_lines": 0}, "missing_lines": [], "excluded_lines": []}, "src/async_s3/group_by_prefix.py": {"executed_lines": [1, 4, 9, 11, 12, 13, 15, 16, 17, 18, 19, 20, 21, 23, 25, 26, 27, 28, 29, 30, 32, 33, 34, 35, 36, 37, 39, 40, 41, 42, 44, 46, 47, 49, 51, 53, 56, 58, 61, 63, 66, 67, 68, 70, 72, 73, 74, 75, 76, 78, 80], "summary": {"covered_lines": 51, "num_statements": 52, "percent_covered": 98.07692307692308, "percent_covered_display": "98", "missing_lines": 1, "excluded_lines": 0}, "missing_lines": [64], "excluded_lines": []}, "src/async_s3/list_objects_async.py": {"executed_lines": [1, 2, 3, 5, 6, 7, 9, 12, 13, 18, 27, 28, 29, 31, 39, 40, 41, 43, 44, 45, 47, 48, 49, 50, 51, 53, 55, 56, 58, 61, 62, 64, 74, 75, 77, 78, 80, 81, 82, 84, 85, 86, 88, 89, 97], "summary": {"covered_lines": 45, "num_statements": 50, "percent_covered": 90.0, "percent_covered_display": "90", "missing_lines": 5, "excluded_lines": 0}, "missing_lines": [15, 20, 21, 24, 59], "excluded_lines": []}, "src/async_s3/main.py": {"executed_lines": [1, 3, 4, 5, 7, 10, 12, 14, 17, 18, 19, 23, 25, 26, 33, 40, 43, 44, 45, 61, 62, 63, 78, 87, 93, 100, 109], "summary": {"covered_lines": 25, "num_statements": 47, "percent_covered": 53.191489361702125, "percent_covered_display": "53", "missing_lines": 22, "excluded_lines": 2}, "missing_lines": [52, 53, 54, 56, 57, 58, 70, 71, 72, 74, 75, 80, 81, 82, 83, 84, 89, 90, 97, 104, 105, 106], "excluded_lines": [109, 110]}}, "totals": {"covered_lines": 122, "num_statements": 150, "percent_covered": 81.33333333333333, "percent_covered_display": "81", "missing_lines": 28, "excluded_lines": 2}}, "coverage_path": "."}