{"coverage": 89.44954128440367, "raw_data": {"meta": {"format": 2, "version": "7.5.3", "timestamp": "2024-06-16T05:06:37.810798", "branch_coverage": false, "show_contexts": false}, "files": {"src/async_s3/__about__.py": {"executed_lines": [1], "summary": {"covered_lines": 1, "num_statements": 1, "percent_covered": 100.0, "percent_covered_display": "100", "missing_lines": 0, "excluded_lines": 0}, "missing_lines": [], "excluded_lines": []}, "src/async_s3/group_by_prefix.py": {"executed_lines": [1, 4, 9, 11, 12, 13, 15, 16, 17, 18, 19, 20, 21, 23, 25, 26, 27, 28, 29, 30, 32, 33, 34, 35, 36, 37, 39, 40, 41, 42, 44, 46, 47, 49, 51, 53, 56, 58, 61, 63, 66, 67, 68, 70, 72, 73, 74, 75, 76, 78, 80], "summary": {"covered_lines": 51, "num_statements": 52, "percent_covered": 98.07692307692308, "percent_covered_display": "98", "missing_lines": 1, "excluded_lines": 0}, "missing_lines": [64], "excluded_lines": []}, "src/async_s3/main.py": {"executed_lines": [1, 3, 4, 5, 6, 7, 8, 9, 10, 13, 15, 16, 19, 21, 22, 25, 27, 28, 34, 37, 38, 39, 43, 45, 46, 53, 60, 67, 74, 81, 84, 85, 86, 100, 101, 103, 111, 112, 115, 116, 117, 131, 132, 134, 142, 145, 147, 148, 149, 150, 151, 154, 163, 175, 184, 185, 189, 201, 202, 204, 205, 206, 207, 208, 209, 210, 211, 217, 218, 219, 230, 231, 234, 235, 236, 241, 242, 243, 248, 251], "summary": {"covered_lines": 78, "num_statements": 88, "percent_covered": 88.63636363636364, "percent_covered_display": "89", "missing_lines": 10, "excluded_lines": 2}, "missing_lines": [222, 223, 224, 225, 226, 227, 228, 229, 232, 233], "excluded_lines": [251, 252]}, "src/async_s3/s3_bucket_objects.py": {"executed_lines": [1, 2, 3, 5, 6, 7, 9, 12, 15, 16, 21, 30, 31, 37, 38, 40, 53, 54, 56, 57, 58, 60, 61, 62, 67, 68, 69, 71, 72, 74, 75, 76, 77, 79, 80, 81, 82, 98, 99, 101, 121, 124, 127, 129, 130, 131, 132, 148, 149, 151, 152, 153, 154, 155, 159, 167, 168, 169, 170, 172, 174, 190, 191, 194, 195], "summary": {"covered_lines": 65, "num_statements": 77, "percent_covered": 84.41558441558442, "percent_covered_display": "84", "missing_lines": 12, "excluded_lines": 0}, "missing_lines": [18, 23, 24, 27, 95, 96, 97, 145, 146, 147, 156, 157], "excluded_lines": []}}, "totals": {"covered_lines": 195, "num_statements": 218, "percent_covered": 89.44954128440367, "percent_covered_display": "89", "missing_lines": 23, "excluded_lines": 2}}, "coverage_path": "."}